{
  "loss": 1.0994036197662354,
  "accuracy": 0.3333333333333333,
  "macro_precision": 0.1111111111111111,
  "macro_recall": 0.3333333333333333,
  "macro_f1": 0.16666666666666666,
  "confusion_matrix": [
    [
      0,
      1,
      0
    ],
    [
      0,
      1,
      0
    ],
    [
      0,
      1,
      0
    ]
  ],
  "classification_report": "              precision    recall  f1-score   support\n\n           0       0.00      0.00      0.00         1\n           1       0.33      1.00      0.50         1\n           2       0.00      0.00      0.00         1\n\n    accuracy                           0.33         3\n   macro avg       0.11      0.33      0.17         3\nweighted avg       0.11      0.33      0.17         3\n"
}